<?xml version="1.0" encoding="UTF-8"?>
<beans xmlns="http://www.springframework.org/schema/beans"
	xmlns:xsi="http://www.w3.org/2001/XMLSchema-instance"
	xsi:schemaLocation="http://www.springframework.org/schema/beans http://www.springframework.org/schema/beans/spring-beans.xsd">
	
	<bean id="employee1" class="com.cybage.bean.Employee">
	<property name="employeeId" value="1001"></property>
	<property name="name" value="Jhon"></property>
	<property name="salary"  value="60000"></property>
	
	
	</bean>


</beans>